prom_valcompra,prom_frecuencia
88.634375,2.3125
96.38648648648648,2.810810810810811
194.16447368421052,2.3157894736842106
92.95714285714286,1.8857142857142857
