Alimentos,Electrónica,Juguetes,Ropa,Total
79.66666666666667,93.11,109.5,82.37058823529412,88.04799999999999
97.08333333333333,102.5,288.4029411764706,119.77272727272727,174.62717391304346
96.25454545454545,93.68,123.03076923076924,76.52857142857144,99.9804347826087
88.634375,96.38648648648648,194.16447368421052,92.95714285714286,119.96021126760563
